,amount,bathrooms,bedrooms,city,finishedSqFt,high,house_number,last-updated,lastSoldDate,lastSoldPrice,latitude,longitude,lotSizeSqFt,low,postcode,road,state,taxAssessment,taxAssessmentYear,useCode,yearBuilt
0,416141,3.5,4,PGH,2278,474401,7041,10/03/2019,06/11/2007,190000,40.45045,-79.904079,8515,349558,15208,Penn Avenue,Pennsylvania,160100.0,2019,SingleFamily,1929
1,337751,3.0,4,PGH,2418,408679,6820,10/03/2019,NA,NA,40.454336,-79.907654,3920,246558,15208,McPherson Boulevard,Pennsylvania,148100.0,2019,SingleFamily,1900
2,149672,1.5,2,PGH,1278,157156,154,10/03/2019,06/15/1983,65000,40.543899,-80.02071,1034,142188,15208,North Linden Avenue,Pennsylvania,118000.0,2019,Condominium,1976
3,404216,3.0,5,PGH,3764,489101,312,10/03/2019,03/14/2001,146000,40.445089,-79.896536,15993,331457,15208,North Braddock Avenue,Pennsylvania,168700.0,2019,Triplex,1900
4,,3.5,4,PGH,3888,,6845,01/01/1970,09/06/2001,1050,40.454498,-79.909513,7539,,15208,Thomas Boulevard,Pennsylvania,12500.0,2019,SingleFamily,1900
5,171110,1.0,1,PGH,1078,196776,6791,10/03/2019,NA,NA,40.4557,-79.909678,3500,145444,15208,McPherson Boulevard,Pennsylvania,103400.0,2019,MultiFamily2To4,1912
6,,1.0,2,PGH,946,,6977,01/01/1970,08/05/2016,375000,40.454221,-79.905532,6732,,15208,McPherson Boulevard,Pennsylvania,299500.0,2019,Apartment,1918
7,241006,3.0,3,PGH,2628,354279,6759,10/03/2019,NA,NA,40.45483,-79.90892,2990,173524,15208,McPherson Boulevard,Pennsylvania,50000.0,2019,SingleFamily,1924
8,218333,1.0,4,PGH,1960,259816,7175,10/03/2019,06/09/1998,21000,40.450872,-79.902271,2660,189950,15208,Meade Street,Pennsylvania,119200.0,2019,SingleFamily,1930
9,171110,1.0,1,PGH,1078,196776,6779,10/03/2019,NA,NA,40.4557,-79.909678,3500,145444,15208,McPherson Boulevard,Pennsylvania,103400.0,2019,MultiFamily2To4,1912
10,197040,1.5,1,PGH,1189,236448,136,10/03/2019,NA,NA,40.450594,-79.902914,4726,163543,15208,North Lang Avenue,Pennsylvania,90000.0,2019,SingleFamily,1954
11,280453,2.5,5,PGH,2570,319716,325,10/03/2019,10/06/2016,180000,40.439402,-79.890507,3713,235581,15208,North Braddock Avenue,Pennsylvania,156800.0,2019,SingleFamily,1920
12,177054,1.0,2,PGH,1404,192989,199,10/03/2019,05/29/2015,146000,40.490092,-79.966456,9361,161119,15208,North Linden Avenue,Pennsylvania,128500.0,2019,SingleFamily,1961
13,,1.0,3,PGH,1600,,7255,01/01/1970,02/28/2007,153000,40.450498,-79.901182,5600,,15208,Meade Street,Pennsylvania,146100.0,2019,Apartment,1925
14,220891,2.0,3,PGH,920,249607,7008,10/03/2019,12/31/2014,176000,40.450451,-79.905916,3980,187757,15208,Penn Avenue,Pennsylvania,149800.0,2019,SingleFamily,1957
15,294325,1.5,4,PGH,2239,323757,7142,10/03/2019,11/07/2017,270000,40.450153,-79.901791,3898,267836,15208,Meade Street,Pennsylvania,132400.0,2019,SingleFamily,1903
16,181218,1.0,3,PGH,1960,233771,7173,10/03/2019,07/07/1998,52000,40.450858,-79.902378,3342,123228,15208,Meade Street,Pennsylvania,73000.0,2019,SingleFamily,1930
17,469341,1.0,2,PGH,3266,539742,6741,10/03/2019,NA,NA,40.455428,-79.908812,7000,403633,15208,McPherson Boulevard,Pennsylvania,317800.0,2019,MultiFamily2To4,1890
18,243748,2.0,2,PGH,1190,268123,7023,10/03/2019,02/20/2013,155000,40.45028,-79.90539,3569,221811,15208,Penn Avenue,Pennsylvania,155000.0,2019,SingleFamily,2019
19,300560,2.0,6,PGH,3238,375700,300,10/03/2019,NA,NA,40.450869,-79.90268,6665,225420,15208,North Lang Avenue,Pennsylvania,141500.0,2019,Duplex,1873
20,,1.5,3,PGH,2000,,321,01/01/1970,NA,NA,40.452654,-79.904438,NA,,15208,North Murtland Street,Pennsylvania,NA,NA,Apartment,NA
21,265143,1.0,5,PGH,2623,328777,6734,10/03/2019,09/16/1999,33500,40.454023,-79.90699,3360,209463,15208,McPherson Boulevard,Pennsylvania,126900.0,2019,SingleFamily,1910
22,200446,1.0,3,PGH,1464,228508,6902,10/03/2019,03/08/2000,49000,40.45381,-79.906205,3900,164366,15208,McPherson Boulevard,Pennsylvania,118400.0,2019,SingleFamily,1920
23,288569,1.1,4,PGH,1710,323197,6800,10/03/2019,04/04/2017,258885,40.454664,-79.908298,2400,256826,15208,McPherson Boulevard,Pennsylvania,182800.0,2019,SingleFamily,1909
24,,4.0,4,PGH,4690,,6735,01/01/1970,NA,NA,40.454572,-79.909692,8534,,15208,Thomas Street,Pennsylvania,12000.0,2019,Quadruplex,1900
25,,1.0,2,PGH,860,,7283,01/01/1970,06/23/1999,7000,40.469681,-79.88416,6640,,15208,Penn Avenue,Pennsylvania,30600.0,2019,SingleFamily,1900
26,539605,3.0,6,PGH,5408,658318,301,10/03/2019,05/01/1981,119000,40.451884,-79.90535,14049,420892,15208,North Murtland Street,Pennsylvania,269000.0,2019,SingleFamily,1903
27,,NA,0,PGH,NA,,6816,01/01/1970,08/15/2017,22000,40.455304,-79.910642,1960,,15208,Fifth Avenue,Pennsylvania,2800.0,2019,SingleFamily,NA
28,286051,2.0,6,PGH,2562,366145,7143,10/03/2019,06/18/1976,33000,40.450627,-79.901651,3966,205957,15208,Meade Street,Pennsylvania,145800.0,2019,SingleFamily,1909
29,362732,2.5,4,PGH,3018,424396,6832,10/03/2019,07/03/2006,204500,40.453328,-79.908034,6155,297440,15208,Thomas Boulevard,Pennsylvania,181500.0,2019,Duplex,1910
30,652042,2.5,4,PGH,3074,723767,122,10/03/2019,07/21/1979,145000,40.446827,-79.899681,7773,593358,15208,Point Breeze Place,Pennsylvania,386300.0,2019,SingleFamily,1952
31,100617,2.0,3,PGH,1178,126777,408,10/03/2019,01/14/2003,14000,40.452523,-79.90021,4608,74457,15208,Jonathan Court,Pennsylvania,68600.0,2019,SingleFamily,1925
32,128477,1.5,3,PGH,1618,138755,6769,10/03/2019,08/09/2018,124900,40.482641,-79.797643,5776,118199,15208,Penn Avenue,Pennsylvania,99100.0,2019,SingleFamily,1959
33,486626,2.5,6,PGH,4880,618015,6818,10/03/2019,06/12/2007,320000,40.453386,-79.908437,8513,394167,15208,Thomas Boulevard,Pennsylvania,218600.0,2019,SingleFamily,1910
34,449674,3.0,4,PGH,2579,521622,6873,10/03/2019,09/05/2012,257500,40.452668,-79.907915,4350,377726,15208,Meade Street,Pennsylvania,257000.0,2019,SingleFamily,1931
35,,1.0,2,PGH,NA,,7401,01/01/1970,NA,NA,40.448598,-79.897777,NA,,15208,Penfield Court,Pennsylvania,NA,NA,Apartment,NA
36,250990,1.5,2,PGH,1365,291148,6962,10/03/2019,08/22/2013,187000,40.451517,-79.905973,5119,215851,15208,Meade Street,Pennsylvania,187000.0,2019,Townhouse,1950
37,156161,3.0,4,PGH,1592,170215,255,10/03/2019,05/16/2018,150000,40.426207,-79.853861,7322,143668,15208,North Braddock Avenue,Pennsylvania,115900.0,2019,SingleFamily,1950
38,,1.5,3,PGH,NA,,499,01/01/1970,NA,NA,40.45346,-79.90385,NA,,15208,North Murtland Street,Pennsylvania,NA,NA,Townhouse,NA
39,98051,1.0,3,PGH,1240,120603,411,10/03/2019,09/14/1978,15500,40.452571,-79.90016,1758,79421,15208,Jonathan Court,Pennsylvania,60900.0,2019,SingleFamily,1925
40,,1.0,2,PGH,NA,,6864,01/01/1970,NA,NA,40.452334,-79.908213,NA,,15208,Meade Street,Pennsylvania,NA,NA,Apartment,NA
41,471084,2.0,3,PGH,3405,555879,119,10/03/2019,12/31/2008,240000,40.449874,-79.90125,9685,395711,15208,North Homewood Avenue,Pennsylvania,246200.0,2019,SingleFamily,1900
42,105692,1.0,3,PGH,1246,136343,7423,10/03/2019,NA,NA,40.448677,-79.897117,1482,75041,15208,Penfield Court,Pennsylvania,57000.0,2019,SingleFamily,1920
43,,2.0,4,PGH,2000,,7220,01/01/1970,NA,NA,40.449457,-79.899751,NA,,15208,Meade Street,Pennsylvania,NA,NA,Townhouse,NA
44,117851,1.5,3,PGH,1163,135529,264,10/03/2019,09/10/2007,95000,40.430212,-79.850105,6444,96638,15208,North Braddock Avenue,Pennsylvania,86200.0,2019,SingleFamily,1948
45,,3.0,6,PGH,3888,,322,01/01/1970,06/18/2009,45000,40.443586,-79.89255,4160,,15208,North Braddock Avenue,Pennsylvania,50000.0,2019,Duplex,1910
46,129216,1.5,3,PGH,1791,143430,6950,10/03/2019,NA,NA,40.476673,-79.798014,9158,113710,15208,Penn Avenue,Pennsylvania,95700.0,2019,SingleFamily,1956
47,181595,1.25,2,PGH,1350,219730,6956,10/03/2019,06/10/2011,138500,40.451119,-79.906122,4928,130748,15208,Penn Avenue,Pennsylvania,104000.0,2019,Townhouse,1954
48,170457,3.0,6,PGH,3167,180684,6848,10/03/2019,05/14/2019,170000,40.4539,-79.90948,5595,161934,15208,Thomas Boulevard,Pennsylvania,120500.0,2019,Triplex,1900
49,,1.0,2,PGH,NA,,402,01/01/1970,NA,NA,40.498097,-79.955365,NA,,15208,North Lexington Avenue,Pennsylvania,NA,NA,Apartment,NA
50,,1.0,2,PGH,700,,152,01/01/1970,11/08/2001,70000,40.449999,-79.901043,5915,,15208,North Homewood Avenue,Pennsylvania,201300.0,2019,Apartment,1910
51,201130,1.5,3,PGH,1364,247390,7259,10/03/2019,09/21/1982,49000,40.449519,-79.901605,4000,158893,15208,Penn Avenue,Pennsylvania,94100.0,2019,SingleFamily,1930
52,462108,4.0,5,PGH,3246,517561,7021,10/03/2019,04/05/1995,149250,40.450729,-79.904723,8665,369686,15208,Penn Avenue,Pennsylvania,163600.0,2019,SingleFamily,1927
53,189824,1.0,2,PGH,1150,248669,6951,10/03/2019,NA,NA,40.4537,-79.905,NA,140470,15208,McPherson Boulevard,Pennsylvania,NA,NA,MultiFamily2To4,NA
54,,1.0,1,PGH,NA,,6874,01/01/1970,NA,NA,40.452676,-79.909386,NA,,15208,Meade Street,Pennsylvania,NA,NA,MultiFamily2To4,NA
55,179604,1.0,2,PGH,NA,235281,6870,10/03/2019,NA,NA,40.45282,-79.909511,NA,134703,15208,Meade Street,Pennsylvania,NA,NA,MultiFamily2To4,NA
56,794225,4.5,5,PGH,4367,857763,329,10/03/2019,09/02/2015,646000,40.448738,-79.909604,10850,754514,15208,North Dallas Avenue,Pennsylvania,587500.0,2019,SingleFamily,1940
57,435665,4.0,8,PGH,4848,566364,7152,10/03/2019,11/16/1993,73000,40.450082,-79.90129,3705,322392,15208,Meade Street,Pennsylvania,195000.0,2019,Quadruplex,1940
58,112373,2.0,4,PGH,1800,124734,326,10/03/2019,10/31/2017,103000,40.443623,-79.890949,2800,101136,15208,North Braddock Avenue,Pennsylvania,71900.0,2019,SingleFamily,1921
59,,1.5,3,PGH,NA,,409,01/01/1970,NA,NA,40.45346,-79.90385,NA,,15208,North Murtland Street,Pennsylvania,NA,NA,Townhouse,NA
60,,1.0,2,PGH,NA,,7400,01/01/1970,NA,NA,40.448693,-79.897673,NA,,15208,Penfield Court,Pennsylvania,NA,NA,Townhouse,NA
61,288710,1.5,3,PGH,2963,352226,6882,10/03/2019,05/03/1979,21000,40.454127,-79.907258,3360,228081,15208,McPherson Boulevard,Pennsylvania,140700.0,2019,SingleFamily,1900
62,184754,1.0,0,PGH,405,238333,129,10/03/2019,NA,NA,40.450015,-79.900933,NA,136718,15208,North Homewood Avenue,Pennsylvania,NA,NA,SingleFamily,NA
63,,1.5,5,PGH,1854,,315,01/01/1970,04/23/2013,2000,40.453795,-79.90686,2280,,15208,North Dallas Avenue,Pennsylvania,29100.0,2019,SingleFamily,1910
64,628774,5.0,5,PGH,2700,704227,139,10/03/2019,06/11/2009,352500,40.450209,-79.908772,4644,565897,15208,North Dallas Avenue,Pennsylvania,340400.0,2019,SingleFamily,1940
65,386032,1.5,3,PGH,1675,478680,107,10/03/2019,12/19/2005,184000,40.45055,-79.906214,9171,320407,15208,North Murtland Street,Pennsylvania,200700.0,2019,SingleFamily,1958
66,291299,1.0,3,PGH,2500,381602,6840,10/03/2019,01/29/2013,160000,40.453154,-79.907788,7990,218474,15208,Thomas Boulevard,Pennsylvania,125100.0,2019,SingleFamily,1902
67,,1.0,3,PGH,1200,,6852,01/01/1970,NA,NA,40.452239,-79.905211,NA,,15208,Thomas Boulevard,Pennsylvania,NA,NA,Apartment,1920
68,322369,3.0,5,PGH,2732,396514,6766,10/03/2019,NA,NA,40.454744,-79.90866,7200,264343,15208,McPherson Boulevard,Pennsylvania,142400.0,2019,Triplex,1900
69,655365,2.5,3,PGH,2492,720901,234,10/03/2019,01/26/1976,75000,40.45222,-79.912575,23936,602936,15208,North Homewood Avenue,Pennsylvania,369300.0,2019,SingleFamily,1960
70,,2.0,6,PGH,2956,,6712,01/01/1970,01/06/1995,7500,40.45511,-79.909819,3920,,15208,McPherson Boulevard,Pennsylvania,15000.0,2019,SingleFamily,1903
71,,2.0,3,PGH,2237,,168,01/01/1970,NA,NA,40.45681,-79.904267,2700,,15208,North Dallas Avenue,Pennsylvania,600.0,2019,SingleFamily,1890
72,190218,2.5,4,PGH,2629,281523,7276,10/03/2019,07/20/1998,44900,40.449513,-79.89997,3900,117935,15208,Meade Street,Pennsylvania,60000.0,2019,SingleFamily,1900
73,,1.5,5,PGH,1854,,317,01/01/1970,NA,NA,40.453847,-79.906826,2300,,15208,North Dallas Avenue,Pennsylvania,29200.0,2019,SingleFamily,1910
74,682362,3.5,4,PGH,2405,730127,245,10/03/2019,05/28/2014,476545,40.45174,-79.912392,7590,627773,15208,North Homewood Avenue,Pennsylvania,432700.0,2019,SingleFamily,1954
75,481909,4.0,8,PGH,5320,602386,6982,10/03/2019,11/04/2010,165000,40.451783,-79.906651,6728,366251,15208,Meade Street,Pennsylvania,170000.0,2019,Quadruplex,1928
76,688332,2.5,5,PGH,3216,784698,335,10/03/2019,06/26/2000,434000,40.450032,-79.91221,9063,653915,15208,North Linden Avenue,Pennsylvania,395200.0,2019,SingleFamily,1920
77,333664,1.0,0,PGH,1100,380377,7218,10/03/2019,12/23/2013,190000,40.449457,-79.899816,7800,293624,15208,Meade Street,Pennsylvania,266800.0,2019,Townhouse,1900
78,444903,3.0,6,PGH,3983,524986,6875,10/03/2019,04/15/2003,185000,40.453895,-79.907989,7681,360371,15208,Thomas Boulevard,Pennsylvania,225100.0,2019,Triplex,1923
79,292164,3.5,3,PGH,1865,373970,6726,10/03/2019,12/18/2018,179000,40.454219,-79.907297,4060,227888,15208,McPherson Boulevard,Pennsylvania,132200.0,2019,SingleFamily,1941
80,,3.0,4,PGH,2110,,7232,01/01/1970,04/27/2016,1000,40.44939,-79.899597,3250,,15208,Meade Street,Pennsylvania,71800.0,2019,SingleFamily,1902
81,1219027,4.5,8,PGH,7119,1852921,6850,10/03/2019,NA,NA,40.45091,-79.925505,29231,938651,15208,Fifth Avenue,Pennsylvania,700000.0,2019,SingleFamily,1910
82,209381,2.5,3,PGH,1536,244976,7206,10/03/2019,05/25/1976,30000,40.449806,-79.900273,1760,171692,15208,Meade Street,Pennsylvania,111700.0,2019,SingleFamily,1920
83,181439,2.0,6,PGH,2452,234056,6732,10/03/2019,NA,NA,40.455721,-79.908588,1733,134265,15208,Simonton Street,Pennsylvania,84600.0,2019,Duplex,1920
84,75647,2.0,2,PGH,1395,92289,7547,10/03/2019,10/05/2015,57000,40.443395,-79.862886,1395,58248,15208,Penn Avenue,Pennsylvania,48300.0,2019,Condominium,1982
85,307166,2.0,7,PGH,3596,414674,7131,10/03/2019,12/15/2003,25000,40.450011,-79.902146,8961,218088,15208,Penn Avenue,Pennsylvania,136300.0,2019,Duplex,1880
86,,1.0,1,PGH,4531,,6804,01/01/1970,02/12/2004,104000,40.454453,-79.911295,9500,,15208,Thomas Boulevard,Pennsylvania,260200.0,2019,Apartment,1905
87,,2.0,3,PGH,1632,,149,01/01/1970,01/13/2003,55000,40.458585,-79.871894,4880,,15208,North Braddock Avenue,Pennsylvania,63300.0,2019,SingleFamily,1949
88,,4.0,4,PGH,4690,,6835,01/01/1970,NA,NA,40.454572,-79.909692,8534,,15208,Thomas Boulevard,Pennsylvania,12000.0,2019,Quadruplex,1900
89,240209,2.0,4,PGH,3240,333891,7272,10/03/2019,04/02/1976,19000,40.449571,-79.900167,3939,194569,15208,Meade Street,Pennsylvania,105000.0,2019,SingleFamily,1900
90,224638,1.0,1,PGH,978,276305,6731,10/03/2019,08/11/2010,57900,40.452213,-79.909382,3920400,168478,15208,Penn Avenue,Pennsylvania,68400.0,2019,MultiFamily2To4,1960
91,167457,1.0,3,PGH,1320,195925,6970,10/03/2019,NA,NA,40.454278,-79.905794,2432,142338,15208,McPherson Boulevard,Pennsylvania,84600.0,2019,SingleFamily,1920
92,71439,3.0,4,PGH,1082,95014,144,10/03/2019,06/29/1983,31000,40.457466,-79.873145,5400,45007,15208,North Braddock Avenue,Pennsylvania,55500.0,2019,SingleFamily,1990
93,251047,1.0,1,PGH,2489,301256,6879,10/03/2019,09/03/2010,97500,40.454845,-79.907288,4340,210879,15208,McPherson Boulevard,Pennsylvania,97500.0,2019,MultiFamily2To4,1920
94,295615,1.5,3,PGH,1854,384299,7178,10/03/2019,NA,NA,40.450397,-79.902605,4832,242404,15208,Meade Street,Pennsylvania,125000.0,2019,SingleFamily,1930
95,221108,1.0,2,PGH,2364,287440,6729,10/03/2019,02/02/1987,1000,40.455548,-79.909265,3780,181309,15208,McPherson Boulevard,Pennsylvania,100000.0,2019,MultiFamily2To4,1890
96,398438,2.0,4,PGH,2137,502032,7001,10/03/2019,06/19/1977,72000,40.450981,-79.905348,10363,290860,15208,Penn Avenue,Pennsylvania,167100.0,2019,SingleFamily,1930
97,,1.0,1,PGH,4531,,6704,01/01/1970,NA,NA,40.454453,-79.911295,9500,,15208,Thomas Street,Pennsylvania,260200.0,2019,Apartment,1905
98,425353,4.0,5,PGH,2320,484902,7029,10/03/2019,09/01/2010,215000,40.450779,-79.904893,8515,348789,15208,Penn Avenue,Pennsylvania,147100.0,2019,SingleFamily,1929
99,,NA,NA,PGH,NA,,124,01/01/1970,NA,NA,40.489491,-79.897969,NA,,15208,North Lexington Avenue,Pennsylvania,NA,NA,Unknown,NA
100,218133,1.5,4,PGH,2256,277029,6883,10/03/2019,02/13/1986,29100,40.45401,-79.906789,2700,176688,15208,McPherson Boulevard,Pennsylvania,98500.0,2019,SingleFamily,1904
101,321985,2.0,4,PGH,2130,373503,106,10/03/2019,02/22/2016,240000,40.45425,-79.90853,4848,283347,15208,North Linden Avenue,Pennsylvania,198700.0,2019,Duplex,1930
102,176339,1.0,3,PGH,893,206317,7134,10/03/2019,10/27/2004,83000,40.450231,-79.902017,6630,149888,15208,Meade Street,Pennsylvania,99300.0,2019,SingleFamily,1954
103,605173,4.0,4,PGH,2451,647535,131,10/03/2019,05/28/2015,398600,40.450409,-79.908629,4620,538604,15208,North Dallas Avenue,Pennsylvania,342000.0,2019,SingleFamily,1920
104,372763,3.0,4,PGH,2450,413767,7164,10/03/2019,06/30/2017,340000,40.450317,-79.900881,4839,335487,15208,Meade Street,Pennsylvania,140400.0,2019,SingleFamily,1910
105,254202,2.0,5,PGH,3354,345715,6837,10/03/2019,10/14/2015,285000,40.4537,-79.907261,7681,198278,15208,Thomas Boulevard,Pennsylvania,114700.0,2019,MultiFamily2To4,1920
106,308002,1.0,3,PGH,1740,381922,198,10/03/2019,07/22/1994,113000,40.453484,-79.910626,6111,243322,15208,Point Breeze Place,Pennsylvania,137900.0,2019,SingleFamily,1945
107,228162,1.0,5,PGH,2927,337680,6863,10/03/2019,04/05/2012,88500,40.452011,-79.908712,6031,177966,15208,Penn Avenue,Pennsylvania,101800.0,2019,SingleFamily,1890
108,,NA,0,PGH,NA,,6806,01/01/1970,08/03/2018,46000,40.45531,-79.910185,4760,,15208,McPherson Boulevard,Pennsylvania,2100.0,2019,SingleFamily,NA
109,,1.0,1,PGH,NA,,7410,01/01/1970,NA,NA,40.448568,-79.897691,NA,,15208,Penfield Court,Pennsylvania,NA,NA,Apartment,NA
110,,2.0,3,PGH,3342,,6809,01/01/1970,11/13/2017,210000,40.455028,-79.910726,7112,,15208,Thomas Boulevard,Pennsylvania,357100.0,2019,Apartment,2018
111,360703,3.0,4,PGH,2910,403987,7247,10/03/2019,01/31/2017,318000,40.450541,-79.901426,3840,321026,15208,Meade Street,Pennsylvania,145000.0,2019,SingleFamily,1930
112,206492,2.0,3,PGH,1443,223011,237,10/03/2019,08/01/2018,200750,40.425374,-79.848778,7723,189973,15208,North Braddock Avenue,Pennsylvania,107600.0,2019,SingleFamily,1961
113,179069,1.0,0,PGH,3452,188022,307,10/03/2019,04/27/2011,133000,40.413813,-79.84358,8925,170116,15208,North Braddock Avenue,Pennsylvania,198400.0,2019,MultiFamily2To4,1965
114,224638,1.0,1,PGH,NA,276305,6831,10/03/2019,NA,NA,40.452213,-79.909382,NA,168478,15208,Penn Avenue,Pennsylvania,NA,NA,MultiFamily2To4,NA
115,83951,1.5,3,PGH,1336,103260,159,10/03/2019,03/01/1993,69900,40.45338,-79.898678,2000,70519,15208,North Homewood Avenue,Pennsylvania,51700.0,2019,SingleFamily,1987
116,265143,1.0,5,PGH,2623,328777,6834,10/03/2019,09/16/1999,33500,40.454023,-79.90699,3360,209463,15208,McPherson Boulevard,Pennsylvania,126900.0,2019,SingleFamily,1910
117,190778,1.0,4,PGH,1658,227026,6934,10/03/2019,04/25/2012,124500,40.453467,-79.905192,2210,165977,15208,McPherson Boulevard,Pennsylvania,104700.0,2019,Condominium,1918
118,448374,4.0,5,PGH,2873,493211,7025,10/03/2019,11/20/2017,412000,40.450617,-79.904572,8515,408020,15208,Penn Avenue,Pennsylvania,143800.0,2019,SingleFamily,1929
119,257756,1.5,4,PGH,1980,280954,274,10/03/2019,04/10/2018,245000,40.425446,-79.864992,14845,234558,15208,North Braddock Avenue,Pennsylvania,130500.0,2019,SingleFamily,1918
120,687030,3.0,5,PGH,2230,755733,135,10/03/2019,08/04/2016,642000,40.449701,-79.906634,9206,638938,15208,North Murtland Street,Pennsylvania,467000.0,2019,SingleFamily,1956
121,189781,1.0,3,PGH,850,248613,7049,10/03/2019,05/29/2003,64900,40.449958,-79.904339,7200,134745,15208,Penn Avenue,Pennsylvania,103000.0,2019,Townhouse,1907
122,,NA,0,PGH,NA,,6701,01/01/1970,06/25/2002,200,40.455064,-79.911029,3604,,15208,Thomas Street,Pennsylvania,1400.0,2019,SingleFamily,NA
123,106686,1.0,2,PGH,1252,128023,314,10/03/2019,NA,NA,40.415413,-79.867574,7565,81081,15208,North Braddock Avenue,Pennsylvania,90800.0,2019,SingleFamily,1920
124,,NA,0,PGH,2779,,6823,01/01/1970,04/15/2011,7501,40.45477,-79.907091,4356,,15208,McPherson Boulevard,Pennsylvania,3750.0,2019,SingleFamily,2019
125,271369,2.0,3,PGH,1336,306647,6846,10/03/2019,11/15/2016,237180,40.452479,-79.908387,4680,241518,15208,Meade Street,Pennsylvania,116500.0,2019,SingleFamily,1940
126,,2.0,3,PGH,1935,,101,01/01/1970,04/30/1996,18000,40.457374,-79.904561,3572,,15208,North Dallas Avenue,Pennsylvania,47200.0,2019,SingleFamily,1900
127,140933,1.0,3,PGH,1560,157845,273,10/03/2019,10/25/1999,128900,40.429913,-79.84929,6169,116974,15208,North Braddock Avenue,Pennsylvania,108400.0,2019,SingleFamily,1950
128,154654,4.0,5,PGH,1904,211876,7431,10/03/2019,12/04/1986,65000,40.447924,-79.896971,1915,86606,15208,Penn Avenue,Pennsylvania,65000.0,2019,Duplex,1925
129,265143,1.0,5,PGH,2623,328777,6844,10/03/2019,09/16/1999,33500,40.454023,-79.90699,3360,209463,15208,McPherson Boulevard,Pennsylvania,126900.0,2019,SingleFamily,1910
130,188048,1.0,4,PGH,2099,225658,6983,10/03/2019,08/27/2004,50000,40.453372,-79.905077,2605,159841,15208,McPherson Boulevard,Pennsylvania,101700.0,2019,SingleFamily,1910
131,538619,3.0,3,PGH,1746,565550,145,10/03/2019,08/27/2019,540000,40.450548,-79.909789,4138,511688,15208,North Homewood Avenue,Pennsylvania,256300.0,2019,SingleFamily,1950
132,100617,2.0,3,PGH,1178,126777,400,10/03/2019,01/14/2003,14000,40.452523,-79.90021,4608,74457,15208,Jonathan Court,Pennsylvania,68600.0,2019,SingleFamily,1925
133,176524,2.5,3,PGH,1534,185350,164,10/03/2019,11/12/2015,156000,40.54358,-80.020336,1601,167698,15208,North Linden Avenue,Pennsylvania,139400.0,2019,Condominium,1976
134,,1.0,2,PGH,1152,,7115,01/01/1970,NA,NA,40.453132,-79.900877,1566,,15208,Jonathan Place,Pennsylvania,48700.0,2019,SingleFamily,1925
135,28996,1.5,3,PGH,1608,32186,306,10/03/2019,09/05/2017,26500,40.42467,-79.863756,5189,26096,15208,North Braddock Avenue,Pennsylvania,13800.0,2019,SingleFamily,1935
136,240886,2.5,3,PGH,1364,298699,6801,10/03/2019,03/19/2010,125000,40.451554,-79.907857,5848,190300,15208,Penn Avenue,Pennsylvania,122900.0,2019,SingleFamily,1950
137,212791,1.0,2,PGH,1200,236198,270,10/03/2019,03/11/2016,168200,40.450352,-79.900821,5310,183000,15208,North Homewood Avenue,Pennsylvania,139000.0,2019,Townhouse,1925
138,412737,4.5,5,PGH,3231,487030,320,10/03/2019,11/07/1990,165000,40.444901,-79.89661,15993,330190,15208,North Braddock Avenue,Pennsylvania,219600.0,2019,Duplex,1965
139,,4.0,6,PGH,NA,,6755,01/01/1970,NA,NA,40.4552,-79.908324,NA,,15208,McPherson Boulevard,Pennsylvania,NA,NA,SingleFamily,NA
140,205885,3.0,4,PGH,2580,294416,7233,10/03/2019,11/03/2004,58000,40.449821,-79.899254,3520,142061,15208,Meade Street,Pennsylvania,70000.0,2019,Triplex,1894
141,,NA,0,PGH,NA,,7278,01/01/1970,12/04/1995,150,40.470825,-79.888593,2501,,15208,Penn Avenue,Pennsylvania,600.0,2019,SingleFamily,NA
142,251316,1.5,4,PGH,2000,296553,6920,10/03/2019,10/02/2001,85000,40.453584,-79.905707,5850,221158,15208,McPherson Boulevard,Pennsylvania,123200.0,2019,SingleFamily,1916
143,,1.0,3,Wilkinsburg,1128,,225,01/01/1970,02/25/2009,2081,40.413917,-79.981868,2950,,15221,Penn Avenue,Pennsylvania,30900.0,2019,SingleFamily,1910
144,185691,1.0,4,PGH,2163,228400,6939,10/03/2019,02/16/1994,23100,40.453936,-79.904719,2848,142982,15208,McPherson Boulevard,Pennsylvania,80000.0,2019,SingleFamily,1914
145,149733,2.5,3,PGH,1208,163209,316,10/03/2019,06/22/2018,145000,40.413962,-79.843167,5793,137754,15208,North Braddock Avenue,Pennsylvania,97000.0,2019,SingleFamily,1950
146,463528,4.0,4,PGH,4406,551598,6727,10/03/2019,02/05/2007,70000,40.454748,-79.910005,7468,361552,15208,Thomas Street,Pennsylvania,226100.0,2019,Quadruplex,1900
147,275604,2.0,5,PGH,2349,361041,6753,10/03/2019,NA,NA,40.45529,-79.908439,3500,214971,15208,McPherson Boulevard,Pennsylvania,128700.0,2019,SingleFamily,1900
148,678902,4.0,4,PGH,2500,753581,133,10/03/2019,10/03/2017,621000,40.450845,-79.90942,6669,611012,15208,North Homewood Avenue,Pennsylvania,542800.0,2019,SingleFamily,1940
149,275604,2.0,5,PGH,2349,361041,6763,10/03/2019,NA,NA,40.45529,-79.908439,3500,214971,15208,McPherson Boulevard,Pennsylvania,128700.0,2019,SingleFamily,1900
150,463528,4.0,4,PGH,4406,551598,6827,10/03/2019,02/05/2007,70000,40.454748,-79.910005,7468,361552,15208,Thomas Boulevard,Pennsylvania,226100.0,2019,Quadruplex,1900
151,242171,3.0,3,PGH,2538,312401,7253,10/03/2019,NA,NA,40.449797,-79.899155,3080,186472,15208,Meade Street,Pennsylvania,104000.0,2019,Triplex,1920
152,212377,2.0,3,PGH,1248,246357,7005,10/03/2019,04/01/2015,188400,40.450487,-79.906018,3740,182644,15208,Penn Avenue,Pennsylvania,118600.0,2019,Condominium,1957
153,294657,1.5,5,PGH,2116,377161,7244,10/03/2019,01/22/2016,70305,40.450121,-79.901688,3900,232779,15208,Meade Street,Pennsylvania,129000.0,2019,SingleFamily,1925
154,130393,1.0,3,PGH,966,144736,271,10/03/2019,07/12/2017,119000,40.430005,-79.849426,6170,117354,15208,North Braddock Avenue,Pennsylvania,88400.0,2019,SingleFamily,1950
155,,1.0,0,PGH,3000,,308,01/01/1970,NA,NA,40.450408,-79.892164,NA,,15208,North Braddock Avenue,Pennsylvania,NA,NA,Mobile,NA
156,338633,4.0,5,PGH,3240,433450,6810,10/03/2019,NA,NA,40.453506,-79.90876,8700,247202,15208,Thomas Boulevard,Pennsylvania,137300.0,2019,Quadruplex,1900
157,,1.0,1,PGH,NA,,298,01/01/1970,NA,NA,40.450255,-79.900185,NA,,15208,North Homewood Avenue,Pennsylvania,NA,NA,Apartment,NA
158,275604,2.0,5,PGH,2349,361041,6743,10/03/2019,NA,NA,40.45529,-79.908439,3500,214971,15208,McPherson Boulevard,Pennsylvania,128700.0,2019,SingleFamily,1900
159,,1.0,3,PGH,1000,,6965,01/01/1970,07/12/2001,30500,40.453736,-79.904148,6191,,15208,McPherson Boulevard,Pennsylvania,153100.0,2019,Apartment,1920
160,153816,2.0,3,PGH,1813,175350,239,10/03/2019,02/28/1983,33000,40.425782,-79.853731,6000,132282,15208,North Braddock Avenue,Pennsylvania,117300.0,2019,SingleFamily,1953
161,429358,3.5,5,PGH,2634,510936,6972,10/03/2019,NA,NA,40.451456,-79.907019,10783,352074,15208,Penn Avenue,Pennsylvania,135200.0,2019,SingleFamily,1925
162,162513,1.0,2,PGH,NA,221018,6830,10/03/2019,NA,NA,40.452543,-79.908808,NA,108884,15208,Meade Street,Pennsylvania,NA,NA,MultiFamily2To4,NA
163,218734,3.0,3,PGH,1280,244982,319,10/03/2019,10/20/1986,59800,40.450683,-79.90067,6150,194673,15208,North Homewood Avenue,Pennsylvania,132900.0,2019,SingleFamily,1986
164,291614,1.0,4,PGH,1880,355769,7124,10/03/2019,10/03/2003,125000,40.450353,-79.90234,6000,239123,15208,Meade Street,Pennsylvania,127000.0,2019,SingleFamily,1910
165,307129,1.0,5,PGH,2980,383911,6822,10/03/2019,06/13/2001,50000,40.454246,-79.907567,7000,245703,15208,McPherson Boulevard,Pennsylvania,149600.0,2019,SingleFamily,1910
166,186984,1.0,3,PGH,1600,228120,6904,10/03/2019,10/08/2009,68628,40.453777,-79.906108,3900,151457,15208,McPherson Boulevard,Pennsylvania,104200.0,2019,SingleFamily,1920
167,175775,2.5,3,PGH,1534,184564,151,10/03/2019,12/20/1994,112500,40.543922,-80.020921,1601,166986,15208,North Linden Avenue,Pennsylvania,139400.0,2019,Condominium,1976
168,294657,1.5,5,PGH,2116,377161,7144,10/03/2019,01/22/2016,70305,40.450121,-79.901688,3900,232779,15208,Meade Street,Pennsylvania,129000.0,2019,SingleFamily,1925
169,,1.0,3,PGH,1752,,276,01/01/1970,05/22/1995,38500,40.417551,-79.869017,3750,,15208,North Braddock Avenue,Pennsylvania,37500.0,2019,SingleFamily,1900
170,314952,3.0,6,PGH,3810,374793,6928,10/03/2019,NA,NA,40.453466,-79.905373,5265,245663,15208,McPherson Boulevard,Pennsylvania,157600.0,2019,Duplex,1916
171,195554,1.0,2,PGH,NA,248354,6899,10/03/2019,NA,NA,40.45307,-79.90958,NA,148621,15208,Meade Street,Pennsylvania,NA,NA,MultiFamily2To4,NA
172,244789,1.5,3,PGH,1884,288851,6821,10/03/2019,NA,NA,40.453053,-79.908893,4200,208071,15208,Meade Street,Pennsylvania,114700.0,2019,SingleFamily,1910
